{"cameraMode":{"drawMode":0,"name":"Shaded","section":"Shading Mode"},"sceneLighting":false,"audioPlay":false,"sceneViewState":{"m_AlwaysRefresh":false,"showFog":true,"showSkybox":false,"showFlares":true,"showImageEffects":true,"showParticleSystems":true,"showVisualEffectGraphs":true,"m_FxEnabled":true},"in2DMode":false,"pivot":{"x":0.11007598042488098,"y":1.8987514972686768,"z":-1.2516517639160157},"rotation":{"x":-0.0006073754630051553,"y":0.999382734298706,"z":0.026989899575710298,"w":0.022489890456199647},"size":4.466024398803711,"orthographic":false}