{"cameraMode":{"drawMode":0,"name":"Shaded","section":"Shading Mode"},"sceneLighting":false,"audioPlay":false,"sceneViewState":{"m_AlwaysRefresh":false,"showFog":true,"showSkybox":false,"showFlares":true,"showImageEffects":true,"showParticleSystems":true,"showVisualEffectGraphs":true,"m_FxEnabled":true},"in2DMode":false,"pivot":{"x":-0.024924755096435548,"y":3.3123252391815187,"z":0.30234551429748537},"rotation":{"x":-0.0914573073387146,"y":0.8642336130142212,"z":-0.17015554010868073,"w":-0.4645354151725769},"size":5.2437849044799809,"orthographic":true}