{"cameraMode":{"drawMode":0,"name":"Shaded","section":"Shading Mode"},"sceneLighting":true,"audioPlay":false,"sceneViewState":{"m_AlwaysRefresh":false,"showFog":true,"showSkybox":true,"showFlares":true,"showImageEffects":true,"showParticleSystems":true,"showVisualEffectGraphs":true,"m_FxEnabled":true},"in2DMode":false,"pivot":{"x":-0.9203238487243652,"y":2.4273672103881838,"z":-0.21450567245483399},"rotation":{"x":-0.05543021485209465,"y":0.8832938075065613,"z":-0.10812855511903763,"w":-0.45280104875564577},"size":2.0660245418548586,"orthographic":false}