{"cameraMode":{"drawMode":0,"name":"Shaded","section":"Shading Mode"},"sceneLighting":true,"audioPlay":false,"sceneViewState":{"m_AlwaysRefresh":false,"showFog":true,"showSkybox":true,"showFlares":true,"showImageEffects":true,"showParticleSystems":true,"showVisualEffectGraphs":true,"m_FxEnabled":true},"in2DMode":false,"pivot":{"x":1.55710768699646,"y":2.3264944553375246,"z":0.8633247017860413},"rotation":{"x":0.5451561808586121,"y":-0.02639847807586193,"z":0.01717684604227543,"w":0.8377440571784973},"size":15.518562316894532,"orthographic":true}