{"cameraMode":{"drawMode":0,"name":"Shaded","section":"Shading Mode"},"sceneLighting":true,"audioPlay":false,"sceneViewState":{"m_AlwaysRefresh":false,"showFog":true,"showSkybox":true,"showFlares":true,"showImageEffects":true,"showParticleSystems":true,"showVisualEffectGraphs":true,"m_FxEnabled":true},"in2DMode":false,"pivot":{"x":0.8078155517578125,"y":-6.105832099914551,"z":2.014564037322998},"rotation":{"x":0.06942183524370194,"y":-0.8136665225028992,"z":0.09935009479522705,"w":0.5685639381408691},"size":15.989154815673829,"orthographic":true}