{"cameraMode":{"drawMode":0,"name":"Shaded","section":"Shading Mode"},"sceneLighting":true,"audioPlay":false,"sceneViewState":{"m_AlwaysRefresh":false,"showFog":true,"showSkybox":true,"showFlares":true,"showImageEffects":true,"showParticleSystems":true,"showVisualEffectGraphs":true,"m_FxEnabled":true},"in2DMode":false,"pivot":{"x":0.8078155517578125,"y":-6.105832099914551,"z":2.014564037322998},"rotation":{"x":0.03981701284646988,"y":-0.18124035000801087,"z":0.007346652913838625,"w":0.9826092720031738},"size":19.620288848876954,"orthographic":true}