{"cameraMode":{"drawMode":0,"name":"Shaded","section":"Shading Mode"},"sceneLighting":true,"audioPlay":false,"sceneViewState":{"m_AlwaysRefresh":false,"showFog":true,"showSkybox":true,"showFlares":true,"showImageEffects":true,"showParticleSystems":true,"showVisualEffectGraphs":true,"m_FxEnabled":true},"in2DMode":false,"pivot":{"x":-3.233931541442871,"y":1.435680866241455,"z":-0.30074357986450198},"rotation":{"x":0.006479852367192507,"y":0.991947591304779,"z":-0.11296955496072769,"w":0.05689702928066254},"size":47.883209228515628,"orthographic":true}