{"cameraMode":{"drawMode":0,"name":"Shaded","section":"Shading Mode"},"sceneLighting":true,"audioPlay":false,"sceneViewState":{"m_AlwaysRefresh":false,"showFog":true,"showSkybox":true,"showFlares":true,"showImageEffects":true,"showParticleSystems":true,"showVisualEffectGraphs":true,"m_FxEnabled":true},"in2DMode":false,"pivot":{"x":-0.024924755096435548,"y":3.3667759895324709,"z":0.3870282769203186},"rotation":{"x":-0.035420287400484088,"y":0.9323225617408752,"z":-0.3471008837223053,"w":-0.09515320509672165},"size":11.398619651794434,"orthographic":true}