{"cameraMode":{"drawMode":0,"name":"Shaded","section":"Shading Mode"},"sceneLighting":true,"audioPlay":false,"sceneViewState":{"m_AlwaysRefresh":false,"showFog":true,"showSkybox":true,"showFlares":true,"showImageEffects":true,"showParticleSystems":true,"showVisualEffectGraphs":true,"m_FxEnabled":true},"in2DMode":false,"pivot":{"x":13.90999984741211,"y":0.40000006556510928,"z":-0.06850004196166992},"rotation":{"x":0.33994054794311526,"y":-0.48403969407081606,"z":0.21147125959396363,"w":0.7780927419662476},"size":11.734234809875489,"orthographic":true}