{"cameraMode":{"drawMode":0,"name":"Shaded","section":"Shading Mode"},"sceneLighting":true,"audioPlay":false,"sceneViewState":{"m_AlwaysRefresh":false,"showFog":true,"showSkybox":true,"showFlares":true,"showImageEffects":true,"showParticleSystems":true,"showVisualEffectGraphs":true,"m_FxEnabled":true},"in2DMode":false,"pivot":{"x":1.2338500022888184,"y":0.47937917709350588,"z":-1.2887334823608399},"rotation":{"x":-0.07996610552072525,"y":0.918609619140625,"z":-0.24565833806991578,"w":-0.2990225851535797},"size":4.766025066375732,"orthographic":false}