{"cameraMode":{"drawMode":0,"name":"Shaded","section":"Shading Mode"},"sceneLighting":true,"audioPlay":false,"sceneViewState":{"m_AlwaysRefresh":false,"showFog":true,"showSkybox":true,"showFlares":true,"showImageEffects":true,"showParticleSystems":true,"showVisualEffectGraphs":true,"m_FxEnabled":true},"in2DMode":false,"pivot":{"x":-7.962652206420898,"y":2.6825451850891115,"z":1.1457794904708863},"rotation":{"x":0.636610746383667,"y":0.10763085633516312,"z":-0.09036172926425934,"w":0.7582730650901794},"size":12.606995582580567,"orthographic":true}