{"cameraMode":{"drawMode":0,"name":"Shaded","section":"Shading Mode"},"sceneLighting":true,"audioPlay":false,"sceneViewState":{"m_AlwaysRefresh":false,"showFog":true,"showSkybox":true,"showFlares":true,"showImageEffects":true,"showParticleSystems":true,"showVisualEffectGraphs":true,"m_FxEnabled":true},"in2DMode":false,"pivot":{"x":1.55710768699646,"y":2.3264944553375246,"z":0.8633247017860413},"rotation":{"x":0.08733955770730972,"y":-0.6365324258804321,"z":0.07288099825382233,"w":0.7628154754638672},"size":11.543479919433594,"orthographic":true}