{"cameraMode":{"drawMode":0,"name":"Shaded","section":"Shading Mode"},"sceneLighting":true,"audioPlay":false,"sceneViewState":{"m_AlwaysRefresh":false,"showFog":true,"showSkybox":true,"showFlares":true,"showImageEffects":true,"showParticleSystems":true,"showVisualEffectGraphs":true,"m_FxEnabled":true},"in2DMode":false,"pivot":{"x":-2.7881085872650148,"y":17.62815284729004,"z":1.9472227096557618},"rotation":{"x":0.6897599101066589,"y":0.01628580316901207,"z":-0.015522152185440064,"w":0.7236891388893127},"size":15.917947769165039,"orthographic":true}