{"cameraMode":{"drawMode":0,"name":"Shaded","section":"Shading Mode"},"sceneLighting":true,"audioPlay":false,"sceneViewState":{"m_AlwaysRefresh":false,"showFog":true,"showSkybox":true,"showFlares":true,"showImageEffects":true,"showParticleSystems":true,"showVisualEffectGraphs":true,"m_FxEnabled":true},"in2DMode":false,"pivot":{"x":-14.475282669067383,"y":0.2904907166957855,"z":7.424210071563721},"rotation":{"x":-0.7071089148521423,"y":-0.0014794658636674286,"z":0.0014798003248870373,"w":-0.7071070671081543},"size":23.744348526000978,"orthographic":true}