{"cameraMode":{"drawMode":0,"name":"Shaded","section":"Shading Mode"},"sceneLighting":true,"audioPlay":false,"sceneViewState":{"m_AlwaysRefresh":false,"showFog":true,"showSkybox":true,"showFlares":true,"showImageEffects":true,"showParticleSystems":true,"showVisualEffectGraphs":true,"m_FxEnabled":true},"in2DMode":false,"pivot":{"x":1.55710768699646,"y":2.3264944553375246,"z":0.8633247017860413},"rotation":{"x":0.18493038415908814,"y":-0.7177240252494812,"z":0.20794013142585755,"w":0.6383059024810791},"size":11.543479919433594,"orthographic":true}