{"cameraMode":{"drawMode":0,"name":"Shaded","section":"Shading Mode"},"sceneLighting":false,"audioPlay":false,"sceneViewState":{"m_AlwaysRefresh":false,"showFog":true,"showSkybox":false,"showFlares":true,"showImageEffects":true,"showParticleSystems":true,"showVisualEffectGraphs":true,"m_FxEnabled":true},"in2DMode":false,"pivot":{"x":0.10561561584472656,"y":1.9274711608886719,"z":-1.246565818786621},"rotation":{"x":-0.014504746533930302,"y":0.9854854345321655,"z":-0.12182974815368653,"w":-0.11732975393533707},"size":4.239001750946045,"orthographic":true}