{"cameraMode":{"drawMode":0,"name":"Shaded","section":"Shading Mode"},"sceneLighting":false,"audioPlay":false,"sceneViewState":{"m_AlwaysRefresh":false,"showFog":true,"showSkybox":false,"showFlares":true,"showImageEffects":true,"showParticleSystems":true,"showVisualEffectGraphs":true,"m_FxEnabled":true},"in2DMode":false,"pivot":{"x":1.550002098083496,"y":1.474686622619629,"z":-2.7695837020874025},"rotation":{"x":0.03981701284646988,"y":-0.18124035000801087,"z":0.007346652913838625,"w":0.9826092720031738},"size":12.12435531616211,"orthographic":true}