{"cameraMode":{"drawMode":0,"name":"Shaded","section":"Shading Mode"},"sceneLighting":false,"audioPlay":false,"sceneViewState":{"m_AlwaysRefresh":false,"showFog":true,"showSkybox":false,"showFlares":true,"showImageEffects":true,"showParticleSystems":true,"showVisualEffectGraphs":true,"m_FxEnabled":true},"in2DMode":false,"pivot":{"x":-5.884861946105957,"y":0.40000006556510928,"z":-0.06849992275238037},"rotation":{"x":0.70913165807724,"y":-0.011632329784333706,"z":0.011700921691954136,"w":0.7048895955085754},"size":1.0246952772140504,"orthographic":true}