{"cameraMode":{"drawMode":0,"name":"Shaded","section":"Shading Mode"},"sceneLighting":false,"audioPlay":false,"sceneViewState":{"m_AlwaysRefresh":false,"showFog":true,"showSkybox":false,"showFlares":true,"showImageEffects":true,"showParticleSystems":true,"showVisualEffectGraphs":true,"m_FxEnabled":true},"in2DMode":false,"pivot":{"x":6.579999923706055,"y":0.7699999809265137,"z":6.239999771118164},"rotation":{"x":0.6195931434631348,"y":-0.23996169865131379,"z":0.20704706013202668,"w":0.7180905342102051},"size":0.8660253882408142,"orthographic":true}