{"cameraMode":{"drawMode":0,"name":"Shaded","section":"Shading Mode"},"sceneLighting":false,"audioPlay":false,"sceneViewState":{"m_AlwaysRefresh":false,"showFog":true,"showSkybox":false,"showFlares":true,"showImageEffects":true,"showParticleSystems":true,"showVisualEffectGraphs":true,"m_FxEnabled":true},"in2DMode":false,"pivot":{"x":-5.884861946105957,"y":0.40000006556510928,"z":-0.06849992275238037},"rotation":{"x":0.8282650709152222,"y":0.02431613951921463,"z":-0.03605294227600098,"w":0.5586553812026978},"size":4.786127090454102,"orthographic":true}