{"cameraMode":{"drawMode":0,"name":"Shaded","section":"Shading Mode"},"sceneLighting":false,"audioPlay":false,"sceneViewState":{"m_AlwaysRefresh":false,"showFog":true,"showSkybox":false,"showFlares":true,"showImageEffects":true,"showParticleSystems":true,"showVisualEffectGraphs":true,"m_FxEnabled":true},"in2DMode":false,"pivot":{"x":-7.610000133514404,"y":0.7699999809265137,"z":10.039999961853028},"rotation":{"x":0.545528769493103,"y":-0.032162413001060489,"z":0.020957892760634424,"w":0.8372126817703247},"size":0.8660256862640381,"orthographic":true}